"Sitio","Riqueza","Simpson","Shannon","InvSimpson","Abun","Hm","Cobha-1","ABha-1"
"1",2,0.444444444444444,0.636514168294813,1.8,3,12.6666666666667,3183.09886183791,2.385
"2",3,0.64,1.05492016798614,2.77777777777778,5,13.4,4456.33840657307,3.45
"3",4,0.75,1.38629436111989,4,4,12.75,2864.78897565412,6.855
