"Sitio","Riqueza","Simpson","Shannon","InvSimpson","Abun","Hm","Cobha-1","ABha-1"
"1",2,0.450138504155125,0.642422021076254,1.81863979848866,3,12.6666666666667,3183.09886183791,2.385
"2",3,0.642459345065716,1.05961165638762,2.79688473520249,5,13.4,4456.33840657307,3.45
"3",4,0.748942714340638,1.3842000669101,3.98315467075038,4,12.75,2864.78897565412,6.855
