"Especie","Ind","Dha-1","Dr","Hm","Hmax","ABt","ABha-1","ABm","ABr","Cobt","Cobha-1","Cobm","Cobr","Fs","Fr","VIR/3"
"A",3,31.8309886183791,25,13,14,0.0793252145031423,0.841666666666667,0.0264417381677141,19.8975571315997,120,1273.23954473516,40,36.3636363636364,66.6666666666667,22.2222222222222,22.3732597846073
"B",3,31.8309886183791,25,13.6666666666667,16,0.053249995478347,0.565,0.0177499984927823,13.3569739952719,60,636.619772367581,20,18.1818181818182,66.6666666666667,22.2222222222222,20.1930654058314
"C",2,21.2206590789194,16.6666666666667,12.5,13,0.0507367213554752,0.538333333333333,0.0253683606777376,12.7265563435776,60,636.619772367581,30,18.1818181818182,33.3333333333333,11.1111111111111,13.5014447071185
"E",1,10.6103295394597,8.33333333333333,12,12,0.0706858347057703,0.75,0.0706858347057703,17.7304964539007,50,530.516476972984,50,15.1515151515152,33.3333333333333,11.1111111111111,12.3916469661151
"G",1,10.6103295394597,8.33333333333333,12,12,0.06157521601036,0.653333333333333,0.06157521601036,15.4452324665091,10,106.103295394597,10,3.03030303030303,33.3333333333333,11.1111111111111,11.6298923036512
"F",1,10.6103295394597,8.33333333333333,13,13,0.0603971187652638,0.640833333333333,0.0603971187652638,15.1497241922774,20,212.206590789194,20,6.06060606060606,33.3333333333333,11.1111111111111,11.5313895455739
"D",1,10.6103295394597,8.33333333333333,14,14,0.0226980069221863,0.240833333333333,0.0226980069221863,5.69345941686367,10,106.103295394597,10,3.03030303030303,33.3333333333333,11.1111111111111,8.37930128710271
